<?xml version="1.0" encoding="UTF-8"?>
<!DOCTYPE suite SYSTEM "http://testng.org/testng-1.0.dtd">
<suite name="Failed suite [CrossOver]" guice-stage="DEVELOPMENT">
  <test name="Test(failed)">
    <classes>
      <class name="com.crossover.e2e.GMailTest">
        <methods>
          <include name="setUp"/>
          <include name="testSendEmail"/>
          <include name="tearDown"/>
        </methods>
      </class> <!-- com.crossover.e2e.GMailTest -->
    </classes>
  </test> <!-- Test(failed) -->
</suite> <!-- Failed suite [CrossOver] -->
